{
  "case": "hero_air_quality",
  "air_total": 48259.408723722,
  "progress_percent": 16.570166820565532
}