{
  "case": "cumulative_air_quality",
  "years": [
    2025,
    2026,
    2027,
    2028,
    2029,
    2030,
    2031,
    2032,
    2033,
    2034,
    2035,
    2036,
    2037,
    2038,
    2039,
    2040,
    2041,
    2042,
    2043,
    2044,
    2045,
    2046,
    2047,
    2048,
    2049,
    2050
  ],
  "cumulative_values": [
    172.408001044,
    408.277296946,
    706.54599194,
    1078.45891386,
    1535.2561171819998,
    2112.430933883,
    2820.961548085,
    3714.401993392,
    4812.464689647,
    6111.230984879,
    7632.572923789,
    9362.940395756,
    11297.179184181,
    13428.779084357,
    15746.926478681,
    18241.055017739,
    20886.021541762,
    23668.265578074,
    26571.255103309,
    29577.09074715,
    32667.16148421,
    35806.771211089,
    38950.411895606,
    42074.368597769,
    45177.079085501,
    48259.408723722
  ]
}